Column1,Employee Code,Date,Time,Column5,Attendance Code,Column7,Column8
,20,11/6/2026,7:03:37 AM,1,0,1,0
,31,11/6/2026,7:17:58 AM,1,0,1,0
,78,11/6/2026,7:26:13 AM,1,0,1,0
,49,11/6/2026,7:34:55 AM,1,0,1,0
,89,11/6/2026,7:42:59 AM,1,0,1,0
,79,11/6/2026,7:55:03 AM,1,0,1,0
,30,11/6/2026,8:00:00 AM,1,0,1,0
,59,11/6/2026,8:00:06 AM,1,0,1,0
,48,11/6/2026,8:00:11 AM,1,0,1,0
,50,11/6/2026,8:01:42 AM,1,0,1,0
,81,11/6/2026,8:02:28 AM,1,0,1,0
,27,11/6/2026,8:03:16 AM,1,0,1,0
,19,11/6/2026,8:03:58 AM,1,0,1,0
,86,11/6/2026,8:06:56 AM,1,0,1,0
,62,11/6/2026,8:08:15 AM,1,0,1,0
,92,11/6/2026,8:13:42 AM,1,0,1,0
,76,11/6/2026,8:13:54 AM,1,0,1,0
,8,11/6/2026,8:14:59 AM,1,0,1,0
,34,11/6/2026,8:16:15 AM,1,0,1,0
,36,11/6/2026,8:16:53 AM,1,0,1,0
,91,11/6/2026,8:17:49 AM,1,0,1,0
,71,11/6/2026,8:18:08 AM,1,0,1,0
,68,11/6/2026,8:18:13 AM,1,0,1,0
,69,11/6/2026,8:18:27 AM,1,0,1,0
,56,11/6/2026,8:18:38 AM,1,0,1,0
,87,11/6/2026,8:23:13 AM,1,0,1,0
,46,11/6/2026,8:39:01 AM,1,0,1,0
,73,11/6/2026,8:43:57 AM,1,0,1,0
,38,11/6/2026,8:56:10 AM,1,0,1,0
,37,11/6/2026,8:57:15 AM,1,0,1,0
,25,11/6/2026,9:40:13 AM,1,0,1,0
,47,11/6/2026,9:41:28 AM,1,0,1,0
,82,11/6/2026,12:40:39 PM,1,0,1,0
,79,11/6/2026,2:32:08 PM,1,1,1,0
,71,11/6/2026,5:00:57 PM,1,1,1,0
,92,11/6/2026,5:01:56 PM,1,1,1,0
,48,11/6/2026,5:02:34 PM,1,1,1,0
,20,11/6/2026,5:03:39 PM,1,1,1,0
,87,11/6/2026,5:03:50 PM,1,1,1,0
,69,11/6/2026,5:05:13 PM,1,1,1,0
,27,11/6/2026,5:05:26 PM,1,1,1,0
,36,11/6/2026,5:06:54 PM,1,1,1,0
,50,11/6/2026,5:07:01 PM,1,1,1,0
,31,11/6/2026,5:07:13 PM,1,1,1,0
,89,11/6/2026,5:07:58 PM,1,1,1,0
,73,11/6/2026,5:08:15 PM,1,1,1,0
,81,11/6/2026,5:08:28 PM,1,1,1,0
,62,11/6/2026,5:08:34 PM,1,1,1,0
,49,11/6/2026,5:08:39 PM,1,1,1,0
,78,11/6/2026,5:08:44 PM,1,1,1,0
,68,11/6/2026,5:11:14 PM,1,1,1,0
,56,11/6/2026,5:11:29 PM,1,1,1,0
,8,11/6/2026,5:12:01 PM,1,1,1,0
,19,11/6/2026,5:13:17 PM,1,1,1,0
,34,11/6/2026,5:13:22 PM,1,1,1,0
,91,11/6/2026,5:14:26 PM,1,1,1,0
,76,11/6/2026,5:14:33 PM,1,1,1,0
,86,11/6/2026,5:20:48 PM,1,1,1,0
,46,11/6/2026,5:22:38 PM,1,1,1,0
,37,11/6/2026,5:27:00 PM,1,1,1,0
,38,11/6/2026,5:27:18 PM,1,1,1,0
,82,11/6/2026,5:35:46 PM,1,1,1,0
,30,11/6/2026,6:23:49 PM,1,1,1,0
,47,11/6/2026,6:24:16 PM,1,1,1,0
,25,11/6/2026,6:24:46 PM,1,1,1,0
,74,13/06/2026,6:44:26 AM,1,0,1,0
,74,13/06/2026,6:44:32 AM,1,0,1,0
,20,13/06/2026,7:10:49 AM,1,0,1,0
,79,13/06/2026,7:38:55 AM,1,0,1,0
,39,13/06/2026,7:40:02 AM,1,0,1,0
,48,13/06/2026,7:40:52 AM,1,0,1,0
,71,13/06/2026,7:43:28 AM,1,0,1,0
,89,13/06/2026,7:45:44 AM,1,0,1,0
,78,13/06/2026,7:49:02 AM,1,0,1,0
,19,13/06/2026,7:52:49 AM,1,0,1,0
,30,13/06/2026,7:57:16 AM,1,0,1,0
,49,13/06/2026,7:57:44 AM,1,0,1,0
,50,13/06/2026,7:57:58 AM,1,0,1,0
,81,13/06/2026,7:59:10 AM,1,0,1,0
,27,13/06/2026,8:02:18 AM,1,0,1,0
,76,13/06/2026,8:03:50 AM,1,0,1,0
,62,13/06/2026,8:03:57 AM,1,0,1,0
,34,13/06/2026,8:05:17 AM,1,0,1,0
,69,13/06/2026,8:07:31 AM,1,0,1,0
,92,13/06/2026,8:08:23 AM,1,0,1,0
,59,13/06/2026,8:09:14 AM,1,0,1,0
,68,13/06/2026,8:12:17 AM,1,0,1,0
,56,13/06/2026,8:12:29 AM,1,0,1,0
,70,13/06/2026,8:14:12 AM,1,0,1,0
,31,13/06/2026,8:17:23 AM,1,0,1,0
,36,13/06/2026,8:19:53 AM,1,0,1,0
,87,13/06/2026,8:25:55 AM,1,0,1,0
,8,13/06/2026,8:36:25 AM,1,0,1,0
,46,13/06/2026,8:38:07 AM,1,0,1,0
,86,13/06/2026,8:38:17 AM,1,0,1,0
,38,13/06/2026,8:41:26 AM,1,0,1,0
,37,13/06/2026,8:41:44 AM,1,0,1,0
,73,13/06/2026,1:00:56 PM,1,0,1,0
,47,13/06/2026,1:18:15 PM,1,0,1,0
,86,13/06/2026,4:02:43 PM,1,1,1,0
,74,13/06/2026,4:11:01 PM,1,1,1,0
,49,13/06/2026,5:00:02 PM,1,1,1,0
,39,13/06/2026,5:00:07 PM,1,1,1,0
,79,13/06/2026,5:00:12 PM,1,1,1,0
,78,13/06/2026,5:00:17 PM,1,1,1,0
,62,13/06/2026,5:00:21 PM,1,1,1,0
,59,13/06/2026,5:00:25 PM,1,1,1,0
,81,13/06/2026,5:00:30 PM,1,1,1,0
,76,13/06/2026,5:00:35 PM,1,1,1,0
,27,13/06/2026,5:00:41 PM,1,1,1,0
,19,13/06/2026,5:00:44 PM,1,1,1,0
,34,13/06/2026,5:00:52 PM,1,1,1,0
,89,13/06/2026,5:00:56 PM,1,1,1,0
,73,13/06/2026,5:01:01 PM,1,1,1,0
,56,13/06/2026,5:01:06 PM,1,1,1,0
,71,13/06/2026,5:01:10 PM,1,1,1,0
,69,13/06/2026,5:01:15 PM,1,1,1,0
,68,13/06/2026,5:01:20 PM,1,1,1,0
,48,13/06/2026,5:01:25 PM,1,1,1,0
,36,13/06/2026,5:01:30 PM,1,1,1,0
,70,13/06/2026,5:01:37 PM,1,1,1,0
,20,13/06/2026,5:01:43 PM,1,1,1,0
,46,13/06/2026,5:04:19 PM,1,1,1,0
,37,13/06/2026,5:04:24 PM,1,1,1,0
,50,13/06/2026,5:04:29 PM,1,1,1,0
,50,13/06/2026,5:04:33 PM,1,1,1,0
,38,13/06/2026,5:07:38 PM,1,1,1,0
,30,13/06/2026,5:12:59 PM,1,1,1,0
,31,13/06/2026,5:15:49 PM,1,1,1,0
,87,13/06/2026,5:17:26 PM,1,1,1,0
,47,13/06/2026,5:32:17 PM,1,1,1,0
,30,15/06/2026,6:51:02 AM,1,0,1,0
,74,15/06/2026,6:56:31 AM,1,0,1,0
,20,15/06/2026,7:02:27 AM,1,0,1,0
,78,15/06/2026,7:38:35 AM,1,0,1,0
,89,15/06/2026,7:42:12 AM,1,0,1,0
,59,15/06/2026,7:49:37 AM,1,0,1,0
,61,15/06/2026,7:50:25 AM,1,0,1,0
,19,15/06/2026,7:51:08 AM,1,0,1,0
,79,15/06/2026,7:51:20 AM,1,0,1,0
,76,15/06/2026,7:51:36 AM,1,0,1,0
,39,15/06/2026,7:57:15 AM,1,0,1,0
,83,15/06/2026,7:57:20 AM,1,0,1,0
,81,15/06/2026,7:58:10 AM,1,0,1,0
,34,15/06/2026,8:01:55 AM,1,0,1,0
,39,15/06/2026,8:03:00 AM,1,0,1,0
,39,15/06/2026,8:03:25 AM,1,0,1,0
,83,15/06/2026,8:03:34 AM,1,0,1,0
,83,15/06/2026,8:03:39 AM,1,0,1,0
,31,15/06/2026,8:06:11 AM,1,0,1,0
,69,15/06/2026,8:07:45 AM,1,0,1,0
,62,15/06/2026,8:08:12 AM,1,0,1,0
,68,15/06/2026,8:08:23 AM,1,0,1,0
,56,15/06/2026,8:08:50 AM,1,0,1,0
,27,15/06/2026,8:09:18 AM,1,0,1,0
,50,15/06/2026,8:09:34 AM,1,0,1,0
,91,15/06/2026,8:11:51 AM,1,0,1,0
,49,15/06/2026,8:13:50 AM,1,0,1,0
,71,15/06/2026,8:19:36 AM,1,0,1,0
,73,15/06/2026,8:20:09 AM,1,0,1,0
,70,15/06/2026,8:23:13 AM,1,0,1,0
,87,15/06/2026,8:23:24 AM,1,0,1,0
,8,15/06/2026,8:23:51 AM,1,0,1,0
,38,15/06/2026,9:02:46 AM,1,0,1,0
,37,15/06/2026,9:03:08 AM,1,0,1,0
,82,15/06/2026,9:21:35 AM,1,0,1,0
,46,15/06/2026,9:22:54 AM,1,0,1,0
,25,15/06/2026,9:26:23 AM,1,0,1,0
,47,15/06/2026,9:27:32 AM,1,0,1,0
,92,15/06/2026,1:07:11 PM,1,0,1,0
,74,15/06/2026,4:03:26 PM,1,1,1,0
,49,15/06/2026,5:00:04 PM,1,1,1,0
,79,15/06/2026,5:00:22 PM,1,1,1,0
,62,15/06/2026,5:00:28 PM,1,1,1,0
,78,15/06/2026,5:00:34 PM,1,1,1,0
,59,15/06/2026,5:00:38 PM,1,1,1,0
,39,15/06/2026,5:00:44 PM,1,1,1,0
,83,15/06/2026,5:00:52 PM,1,1,1,0
,70,15/06/2026,5:01:19 PM,1,1,1,0
,81,15/06/2026,5:01:42 PM,1,1,1,0
,34,15/06/2026,5:01:48 PM,1,1,1,0
,19,15/06/2026,5:01:53 PM,1,1,1,0
,61,15/06/2026,5:02:06 PM,1,1,1,0
,73,15/06/2026,5:02:11 PM,1,1,1,0
,89,15/06/2026,5:02:16 PM,1,1,1,0
,87,15/06/2026,5:02:21 PM,1,1,1,0
,92,15/06/2026,5:03:04 PM,1,1,1,0
,56,15/06/2026,5:03:10 PM,1,1,1,0
,27,15/06/2026,5:03:19 PM,1,1,1,0
,20,15/06/2026,5:03:34 PM,1,1,1,0
,50,15/06/2026,5:03:40 PM,1,1,1,0
,68,15/06/2026,5:04:12 PM,1,1,1,0
,91,15/06/2026,5:04:19 PM,1,1,1,0
,76,15/06/2026,5:04:25 PM,1,1,1,0
,69,15/06/2026,5:04:44 PM,1,1,1,0
,8,15/06/2026,5:05:20 PM,1,1,1,0
,46,15/06/2026,5:05:57 PM,1,1,1,0
,31,15/06/2026,5:06:07 PM,1,1,1,0
,37,15/06/2026,5:22:10 PM,1,1,1,0
,38,15/06/2026,5:22:21 PM,1,1,1,0
,71,15/06/2026,5:24:07 PM,1,1,1,0
,82,15/06/2026,5:44:42 PM,1,1,1,0
,47,15/06/2026,5:59:38 PM,1,1,1,0
,30,15/06/2026,6:00:22 PM,1,1,1,0
,25,15/06/2026,6:14:53 PM,1,1,1,0
,74,16/06/2026,7:09:21 AM,1,0,1,0
,79,16/06/2026,7:42:12 AM,1,0,1,0
,86,16/06/2026,7:45:11 AM,1,0,1,0
,89,16/06/2026,7:48:08 AM,1,0,1,0
,83,16/06/2026,7:53:59 AM,1,0,1,0
,39,16/06/2026,7:54:11 AM,1,0,1,0
,59,16/06/2026,7:54:14 AM,1,0,1,0
,76,16/06/2026,7:54:33 AM,1,0,1,0
,49,16/06/2026,7:55:07 AM,1,0,1,0
,62,16/06/2026,7:55:26 AM,1,0,1,0
,30,16/06/2026,7:56:06 AM,1,0,1,0
,20,16/06/2026,7:56:15 AM,1,0,1,0
,91,16/06/2026,8:03:29 AM,1,0,1,0
,50,16/06/2026,8:03:37 AM,1,0,1,0
,50,16/06/2026,8:03:42 AM,1,0,1,0
,92,16/06/2026,8:04:44 AM,1,0,1,0
,68,16/06/2026,8:05:18 AM,1,0,1,0
,61,16/06/2026,8:05:32 AM,1,0,1,0
,56,16/06/2026,8:05:53 AM,1,0,1,0
,36,16/06/2026,8:05:59 AM,1,0,1,0
,27,16/06/2026,8:06:20 AM,1,0,1,0
,34,16/06/2026,8:06:32 AM,1,0,1,0
,71,16/06/2026,8:09:12 AM,1,0,1,0
,69,16/06/2026,8:12:22 AM,1,0,1,0
,19,16/06/2026,8:14:19 AM,1,0,1,0
,31,16/06/2026,8:17:48 AM,1,0,1,0
,87,16/06/2026,8:19:22 AM,1,0,1,0
,8,16/06/2026,8:26:13 AM,1,0,1,0
,46,16/06/2026,8:31:44 AM,1,0,1,0
,81,16/06/2026,8:37:15 AM,1,0,1,0
,73,16/06/2026,8:39:54 AM,1,0,1,0
,38,16/06/2026,8:44:17 AM,1,0,1,0
,37,16/06/2026,8:44:32 AM,1,0,1,0
,25,16/06/2026,9:25:34 AM,1,0,1,0
,47,16/06/2026,9:26:44 AM,1,0,1,0
,8,16/06/2026,2:49:52 PM,1,1,1,0
,74,16/06/2026,4:05:40 PM,1,1,1,0
,86,16/06/2026,4:43:27 PM,1,1,1,0
,49,16/06/2026,5:00:53 PM,1,1,1,0
,79,16/06/2026,5:00:59 PM,1,1,1,0
,62,16/06/2026,5:01:09 PM,1,1,1,0
,78,16/06/2026,5:01:16 PM,1,1,1,0
,39,16/06/2026,5:01:47 PM,1,1,1,0
,83,16/06/2026,5:01:52 PM,1,1,1,0
,81,16/06/2026,5:02:57 PM,1,1,1,0
,19,16/06/2026,5:03:02 PM,1,1,1,0
,61,16/06/2026,5:03:07 PM,1,1,1,0
,20,16/06/2026,5:03:16 PM,1,1,1,0
,76,16/06/2026,5:03:22 PM,1,1,1,0
,91,16/06/2026,5:03:30 PM,1,1,1,0
,59,16/06/2026,5:03:52 PM,1,1,1,0
,34,16/06/2026,5:03:59 PM,1,1,1,0
,71,16/06/2026,5:04:09 PM,1,4,1,0
,73,16/06/2026,5:04:09 PM,1,4,1,0
,50,16/06/2026,5:04:09 PM,1,4,1,0
,89,16/06/2026,5:04:10 PM,1,4,1,0
,36,16/06/2026,5:04:10 PM,1,4,1,0
,31,16/06/2026,5:04:10 PM,1,4,1,0
,37,16/06/2026,5:04:11 PM,1,4,1,0
,38,16/06/2026,5:04:11 PM,1,4,1,0
,27,16/06/2026,5:04:11 PM,1,1,1,0
,56,16/06/2026,5:04:19 PM,1,1,1,0
,68,16/06/2026,5:04:24 PM,1,1,1,0
,69,16/06/2026,5:04:37 PM,1,1,1,0
,87,16/06/2026,5:08:43 PM,1,1,1,0
,92,16/06/2026,5:16:00 PM,1,1,1,0
,46,16/06/2026,5:39:24 PM,1,1,1,0
,30,16/06/2026,7:03:55 PM,1,1,1,0
,47,16/06/2026,7:07:35 PM,1,1,1,0
,25,16/06/2026,7:08:03 PM,1,1,1,0
,71,16/06/2026,10:00:03 PM,1,5,1,0
,73,16/06/2026,10:00:11 PM,1,5,1,0
,50,16/06/2026,10:00:16 PM,1,5,1,0
,50,16/06/2026,10:00:21 PM,1,5,1,0
,89,16/06/2026,10:00:25 PM,1,5,1,0
,36,16/06/2026,10:00:30 PM,1,5,1,0
,31,16/06/2026,10:00:35 PM,1,5,1,0
,37,16/06/2026,10:00:52 PM,1,5,1,0
,38,16/06/2026,10:01:02 PM,1,5,1,0
,74,17/06/2026,6:56:41 AM,1,0,1,0
,39,17/06/2026,7:30:08 AM,1,0,1,0
,83,17/06/2026,7:30:13 AM,1,0,1,0
,70,17/06/2026,7:32:14 AM,1,0,1,0
,78,17/06/2026,7:36:20 AM,1,0,1,0
,20,17/06/2026,7:38:13 AM,1,0,1,0
,19,17/06/2026,7:40:35 AM,1,0,1,0
,48,17/06/2026,7:41:18 AM,1,0,1,0
,89,17/06/2026,7:44:18 AM,1,0,1,0
,71,17/06/2026,7:52:45 AM,1,0,1,0
,79,17/06/2026,7:56:15 AM,1,0,1,0
,49,17/06/2026,7:56:51 AM,1,0,1,0
,59,17/06/2026,7:59:50 AM,1,0,1,0
,30,17/06/2026,8:01:23 AM,1,0,1,0
,36,17/06/2026,8:02:20 AM,1,0,1,0
,81,17/06/2026,8:03:49 AM,1,0,1,0
,76,17/06/2026,8:04:11 AM,1,0,1,0
,50,17/06/2026,8:05:05 AM,1,0,1,0
,50,17/06/2026,8:05:15 AM,1,0,1,0
,61,17/06/2026,8:08:03 AM,1,0,1,0
,86,17/06/2026,8:10:44 AM,1,0,1,0
,91,17/06/2026,8:13:01 AM,1,0,1,0
,62,17/06/2026,8:16:07 AM,1,0,1,0
,31,17/06/2026,8:17:03 AM,1,0,1,0
,87,17/06/2026,8:19:28 AM,1,0,1,0
,8,17/06/2026,8:28:43 AM,1,0,1,0
,92,17/06/2026,8:35:28 AM,1,0,1,0
,69,17/06/2026,8:37:43 AM,1,0,1,0
,68,17/06/2026,8:39:28 AM,1,0,1,0
,56,17/06/2026,8:39:33 AM,1,0,1,0
,73,17/06/2026,8:46:55 AM,1,0,1,0
,38,17/06/2026,8:51:55 AM,1,0,1,0
,37,17/06/2026,8:52:12 AM,1,0,1,0
,27,17/06/2026,8:53:26 AM,1,0,1,0
,25,17/06/2026,9:15:47 AM,1,0,1,0
,47,17/06/2026,9:17:23 AM,1,0,1,0
,66,17/06/2026,11:46:32 AM,1,0,1,0
,66,17/06/2026,1:11:32 PM,1,0,1,0
,66,17/06/2026,1:11:57 PM,1,1,1,0
,66,17/06/2026,1:12:17 PM,1,4,1,0
,66,17/06/2026,1:12:32 PM,1,5,1,0
,66,17/06/2026,1:14:25 PM,1,0,1,0
,66,17/06/2026,1:14:34 PM,1,1,1,0
,66,17/06/2026,1:14:55 PM,1,4,1,0
,66,17/06/2026,1:15:01 PM,1,5,1,0
,74,17/06/2026,4:05:18 PM,1,0,1,0
,62,17/06/2026,4:58:39 PM,1,0,1,0
,62,17/06/2026,5:00:03 PM,1,0,1,0
,62,17/06/2026,5:00:12 PM,1,0,1,0
,79,17/06/2026,5:00:30 PM,1,1,1,0
,78,17/06/2026,5:00:43 PM,1,0,1,0
,49,17/06/2026,5:00:53 PM,1,1,1,0
,31,17/06/2026,5:01:04 PM,1,1,1,0
,87,17/06/2026,5:01:18 PM,1,1,1,0
,39,17/06/2026,5:01:26 PM,1,0,1,0
,39,17/06/2026,5:01:34 PM,1,0,1,0
,83,17/06/2026,5:01:39 PM,1,0,1,0
,19,17/06/2026,5:01:53 PM,1,1,1,0
,69,17/06/2026,5:02:06 PM,1,1,1,0
,70,17/06/2026,5:03:10 PM,1,1,1,0
,56,17/06/2026,5:03:19 PM,1,1,1,0
,59,17/06/2026,5:03:44 PM,1,1,1,0
,27,17/06/2026,5:03:57 PM,1,1,1,0
,68,17/06/2026,5:04:05 PM,1,1,1,0
,91,17/06/2026,5:04:29 PM,1,1,1,0
,76,17/06/2026,5:04:52 PM,1,0,1,0
,20,17/06/2026,5:05:14 PM,1,1,1,0
,81,17/06/2026,5:05:58 PM,1,1,1,0
,61,17/06/2026,5:06:25 PM,1,1,1,0
,8,17/06/2026,5:06:46 PM,1,0,1,0
,92,17/06/2026,5:08:28 PM,1,1,1,0
,8,17/06/2026,5:10:07 PM,1,0,1,0
,8,17/06/2026,5:10:17 PM,1,4,1,0
,73,17/06/2026,5:11:46 PM,1,1,1,0
,73,17/06/2026,5:11:54 PM,1,4,1,0
,50,17/06/2026,5:12:06 PM,1,1,1,0
,50,17/06/2026,5:12:09 PM,1,4,1,0
,71,17/06/2026,5:12:20 PM,1,1,1,0
,71,17/06/2026,5:12:23 PM,1,4,1,0
,36,17/06/2026,5:12:32 PM,1,1,1,0
,36,17/06/2026,5:12:38 PM,1,4,1,0
,89,17/06/2026,5:12:49 PM,1,4,1,0
,89,17/06/2026,5:12:58 PM,1,4,1,0
,86,17/06/2026,5:41:31 PM,1,4,1,0
,30,17/06/2026,7:09:52 PM,1,1,1,0
,30,17/06/2026,7:09:59 PM,1,1,1,0
,47,17/06/2026,7:38:57 PM,1,1,1,0
,25,17/06/2026,7:39:35 PM,1,1,1,0
,48,17/06/2026,10:00:08 PM,1,0,1,0
,48,17/06/2026,10:00:18 PM,1,1,1,0
,71,17/06/2026,10:00:25 PM,1,5,1,0
,89,17/06/2026,10:00:30 PM,1,5,1,0
,89,17/06/2026,10:00:37 PM,1,5,1,0
,73,17/06/2026,10:00:49 PM,1,5,1,0
,36,17/06/2026,10:00:56 PM,1,5,1,0
,50,17/06/2026,10:01:18 PM,1,5,1,0
,37,17/06/2026,10:01:51 PM,1,5,1,0
,37,17/06/2026,10:01:59 PM,1,5,1,0
,38,17/06/2026,10:02:24 PM,1,5,1,0
,74,18/06/2026,7:05:42 AM,1,0,1,0
,20,18/06/2026,7:18:09 AM,1,0,1,0
,49,18/06/2026,7:24:20 AM,1,0,1,0
,70,18/06/2026,7:34:57 AM,1,0,1,0
,89,18/06/2026,7:38:43 AM,1,0,1,0
,30,18/06/2026,7:49:11 AM,1,0,1,0
,78,18/06/2026,7:50:36 AM,1,0,1,0
,48,18/06/2026,7:53:00 AM,1,0,1,0
,79,18/06/2026,7:53:16 AM,1,0,1,0
,19,18/06/2026,7:54:07 AM,1,0,1,0
,69,18/06/2026,8:01:29 AM,1,0,1,0
,59,18/06/2026,8:02:23 AM,1,0,1,0
,76,18/06/2026,8:06:34 AM,1,0,1,0
,83,18/06/2026,8:06:41 AM,1,0,1,0
,39,18/06/2026,8:07:07 AM,1,0,1,0
,68,18/06/2026,8:07:24 AM,1,0,1,0
,68,18/06/2026,8:07:35 AM,1,0,1,0
,56,18/06/2026,8:07:43 AM,1,0,1,0
,61,18/06/2026,8:07:59 AM,1,0,1,0
,81,18/06/2026,8:08:58 AM,1,0,1,0
,50,18/06/2026,8:09:28 AM,1,0,1,0
,62,18/06/2026,8:11:15 AM,1,0,1,0
,91,18/06/2026,8:12:35 AM,1,0,1,0
,27,18/06/2026,8:13:14 AM,1,0,1,0
,34,18/06/2026,8:13:27 AM,1,0,1,0
,36,18/06/2026,8:14:18 AM,1,0,1,0
,92,18/06/2026,8:18:18 AM,1,0,1,0
,71,18/06/2026,8:20:19 AM,1,0,1,0
,8,18/06/2026,8:22:44 AM,1,0,1,0
,8,18/06/2026,8:22:50 AM,1,0,1,0
,87,18/06/2026,8:28:22 AM,1,0,1,0
,46,18/06/2026,8:37:21 AM,1,0,1,0
,38,18/06/2026,8:44:20 AM,1,0,1,0
,37,18/06/2026,8:44:52 AM,1,0,1,0
,73,18/06/2026,8:52:56 AM,1,0,1,0
,25,18/06/2026,9:32:34 AM,1,0,1,0
,47,18/06/2026,9:33:35 AM,1,0,1,0
,66,18/06/2026,9:34:57 AM,1,0,1,0
,66,18/06/2026,9:35:06 AM,1,0,1,0
,66,18/06/2026,9:35:17 AM,1,4,1,0
,66,18/06/2026,9:35:27 AM,1,5,1,0
,66,18/06/2026,9:41:05 AM,1,0,1,0
,66,18/06/2026,9:41:10 AM,1,1,1,0
,66,18/06/2026,9:41:17 AM,1,4,1,0
,66,18/06/2026,9:41:23 AM,1,5,1,0
,66,18/06/2026,9:43:30 AM,1,0,1,0
,66,18/06/2026,9:43:34 AM,1,1,1,0
,66,18/06/2026,9:43:41 AM,1,4,1,0
,66,18/06/2026,9:43:46 AM,1,5,1,0
,71,18/06/2026,12:03:47 PM,1,1,1,0
,74,18/06/2026,4:04:29 PM,1,1,1,0
,49,18/06/2026,5:00:05 PM,1,1,1,0
,78,18/06/2026,5:00:12 PM,1,1,1,0
,62,18/06/2026,5:00:18 PM,1,1,1,0
,39,18/06/2026,5:00:23 PM,1,1,1,0
,79,18/06/2026,5:00:33 PM,1,1,1,0
,61,18/06/2026,5:00:41 PM,1,1,1,0
,83,18/06/2026,5:00:48 PM,1,1,1,0
,34,18/06/2026,5:00:56 PM,1,1,1,0
,19,18/06/2026,5:01:17 PM,1,1,1,0
,69,18/06/2026,5:01:28 PM,1,1,1,0
,81,18/06/2026,5:01:37 PM,1,1,1,0
,91,18/06/2026,5:01:43 PM,1,1,1,0
,59,18/06/2026,5:01:50 PM,1,1,1,0
,48,18/06/2026,5:01:57 PM,1,1,1,0
,39,18/06/2026,5:02:03 PM,1,1,1,0
,76,18/06/2026,5:02:10 PM,1,1,1,0
,89,18/06/2026,5:02:30 PM,1,1,1,0
,50,18/06/2026,5:02:52 PM,1,1,1,0
,73,18/06/2026,5:03:00 PM,1,1,1,0
,70,18/06/2026,5:03:09 PM,1,1,1,0
,36,18/06/2026,5:03:17 PM,1,1,1,0
,27,18/06/2026,5:03:36 PM,1,1,1,0
,56,18/06/2026,5:03:53 PM,1,1,1,0
,68,18/06/2026,5:04:03 PM,1,1,1,0
,20,18/06/2026,5:04:23 PM,1,1,1,0
,87,18/06/2026,5:04:58 PM,1,1,1,0
,38,18/06/2026,5:05:08 PM,1,1,1,0
,37,18/06/2026,5:06:57 PM,1,1,1,0
,46,18/06/2026,5:08:05 PM,1,1,1,0
,92,18/06/2026,5:08:16 PM,1,1,1,0
,8,18/06/2026,5:10:33 PM,1,0,1,0
,47,18/06/2026,6:01:14 PM,1,1,1,0
,25,18/06/2026,6:01:54 PM,1,1,1,0
,30,18/06/2026,6:02:18 PM,1,1,1,0
,86,18/06/2026,6:02:26 PM,1,1,1,0
,74,19/06/2026,6:58:58 AM,1,0,1,0
,39,19/06/2026,7:25:19 AM,1,0,1,0
,20,19/06/2026,7:30:35 AM,1,0,1,0
,78,19/06/2026,7:34:07 AM,1,0,1,0
,31,19/06/2026,7:36:01 AM,1,0,1,0
,49,19/06/2026,7:37:08 AM,1,0,1,0
,70,19/06/2026,7:37:27 AM,1,0,1,0
,48,19/06/2026,7:41:52 AM,1,0,1,0
,27,19/06/2026,7:46:28 AM,1,0,1,0
,89,19/06/2026,7:50:46 AM,1,0,1,0
,86,19/06/2026,7:56:10 AM,1,0,1,0
,59,19/06/2026,7:56:45 AM,1,0,1,0
,79,19/06/2026,7:56:53 AM,1,0,1,0
,19,19/06/2026,7:58:48 AM,1,0,1,0
,30,19/06/2026,8:02:35 AM,1,0,1,0
,61,19/06/2026,8:02:49 AM,1,0,1,0
,76,19/06/2026,8:05:32 AM,1,0,1,0
,62,19/06/2026,8:07:27 AM,1,0,1,0
,8,19/06/2026,8:11:25 AM,1,0,1,0
,36,19/06/2026,8:11:30 AM,1,0,1,0
,91,19/06/2026,8:11:52 AM,1,0,1,0
,50,19/06/2026,8:14:53 AM,1,0,1,0
,81,19/06/2026,8:15:06 AM,1,0,1,0
,68,19/06/2026,8:19:48 AM,1,0,1,0
,56,19/06/2026,8:19:57 AM,1,0,1,0
,92,19/06/2026,8:20:10 AM,1,0,1,0
,73,19/06/2026,8:22:50 AM,1,0,1,0
,87,19/06/2026,8:29:34 AM,1,0,1,0
,83,19/06/2026,8:41:59 AM,1,0,1,0
,38,19/06/2026,8:42:11 AM,1,0,1,0
,37,19/06/2026,8:42:19 AM,1,0,1,0
,46,19/06/2026,8:45:11 AM,1,0,1,0
,25,19/06/2026,9:20:10 AM,1,0,1,0
,47,19/06/2026,9:21:17 AM,1,0,1,0
,82,19/06/2026,9:21:24 AM,1,0,1,0
,82,19/06/2026,9:21:26 AM,1,0,1,0
,34,19/06/2026,10:13:29 AM,1,0,1,0
,46,19/06/2026,3:13:36 PM,1,1,1,0
,74,19/06/2026,4:05:02 PM,1,1,1,0
,89,19/06/2026,5:00:06 PM,1,1,1,0
,73,19/06/2026,5:00:14 PM,1,1,1,0
,62,19/06/2026,5:00:51 PM,1,1,1,0
,78,19/06/2026,5:00:58 PM,1,1,1,0
,39,19/06/2026,5:01:03 PM,1,1,1,0
,79,19/06/2026,5:01:10 PM,1,1,1,0
,91,19/06/2026,5:01:14 PM,1,1,1,0
,49,19/06/2026,5:01:20 PM,1,1,1,0
,83,19/06/2026,5:01:26 PM,1,1,1,0
,59,19/06/2026,5:01:37 PM,1,1,1,0
,19,19/06/2026,5:01:43 PM,1,1,1,0
,34,19/06/2026,5:01:54 PM,1,1,1,0
,76,19/06/2026,5:02:02 PM,1,1,1,0
,76,19/06/2026,5:02:07 PM,1,1,1,0
,61,19/06/2026,5:02:18 PM,1,1,1,0
,81,19/06/2026,5:02:26 PM,1,1,1,0
,36,19/06/2026,5:02:32 PM,1,1,1,0
,48,19/06/2026,5:02:37 PM,1,1,1,0
,70,19/06/2026,5:02:43 PM,1,1,1,0
,50,19/06/2026,5:02:47 PM,1,1,1,0
,50,19/06/2026,5:02:49 PM,1,1,1,0
,56,19/06/2026,5:02:58 PM,1,1,1,0
,68,19/06/2026,5:03:06 PM,1,1,1,0
,87,19/06/2026,5:03:13 PM,1,1,1,0
,27,19/06/2026,5:03:55 PM,1,1,1,0
,31,19/06/2026,5:04:01 PM,1,1,1,0
,20,19/06/2026,5:04:19 PM,1,1,1,0
,37,19/06/2026,5:04:48 PM,1,1,1,0
,92,19/06/2026,5:05:03 PM,1,1,1,0
,38,19/06/2026,5:09:08 PM,1,1,1,0
,8,19/06/2026,5:12:31 PM,1,1,1,0
,82,19/06/2026,6:06:27 PM,1,1,1,0
,82,19/06/2026,6:06:30 PM,1,1,1,0
,86,19/06/2026,6:15:58 PM,1,1,1,0
,30,19/06/2026,6:28:43 PM,1,1,1,0
,25,19/06/2026,6:29:20 PM,1,1,1,0
,47,19/06/2026,6:29:43 PM,1,1,1,0
,74,20/06/2026,6:58:38 AM,1,0,1,0
,20,20/06/2026,7:28:16 AM,1,0,1,0
,78,20/06/2026,7:30:05 AM,1,0,1,0
,48,20/06/2026,7:34:35 AM,1,0,1,0
,79,20/06/2026,7:44:16 AM,1,0,1,0
,89,20/06/2026,7:47:11 AM,1,0,1,0
,8,20/06/2026,7:54:07 AM,1,0,1,0
,31,20/06/2026,8:02:22 AM,1,0,1,0
,31,20/06/2026,8:02:28 AM,1,0,1,0
,92,20/06/2026,8:03:06 AM,1,0,1,0
,50,20/06/2026,8:03:11 AM,1,0,1,0
,50,20/06/2026,8:03:15 AM,1,0,1,0
,49,20/06/2026,8:04:04 AM,1,0,1,0
,61,20/06/2026,8:04:12 AM,1,0,1,0
,76,20/06/2026,8:04:33 AM,1,0,1,0
,81,20/06/2026,8:08:52 AM,1,0,1,0
,62,20/06/2026,8:09:52 AM,1,0,1,0
,91,20/06/2026,8:10:10 AM,1,0,1,0
,30,20/06/2026,8:11:22 AM,1,0,1,0
,27,20/06/2026,8:12:57 AM,1,0,1,0
,69,20/06/2026,8:13:46 AM,1,0,1,0
,59,20/06/2026,8:14:53 AM,1,0,1,0
,39,20/06/2026,8:15:12 AM,1,0,1,0
,83,20/06/2026,8:15:17 AM,1,0,1,0
,68,20/06/2026,8:15:24 AM,1,0,1,0
,34,20/06/2026,8:15:50 AM,1,0,1,0
,56,20/06/2026,8:16:16 AM,1,0,1,0
,36,20/06/2026,8:19:10 AM,1,0,1,0
,19,20/06/2026,8:19:39 AM,1,0,1,0
,87,20/06/2026,8:26:34 AM,1,0,1,0
,70,20/06/2026,8:39:43 AM,1,0,1,0
,73,20/06/2026,8:45:14 AM,1,0,1,0
,38,20/06/2026,9:03:49 AM,1,0,1,0
,37,20/06/2026,9:04:06 AM,1,0,1,0
,46,20/06/2026,9:14:08 AM,1,0,1,0
,25,20/06/2026,9:25:32 AM,1,0,1,0
,86,20/06/2026,9:25:36 AM,1,0,1,0
,47,20/06/2026,9:26:57 AM,1,0,1,0
,82,20/06/2026,9:27:02 AM,1,0,1,0
,82,20/06/2026,9:27:04 AM,1,0,1,0
,74,20/06/2026,4:04:25 PM,1,1,1,0
,74,20/06/2026,4:04:55 PM,1,1,1,0
,49,20/06/2026,5:00:16 PM,1,1,1,0
,79,20/06/2026,5:00:42 PM,1,1,1,0
,62,20/06/2026,5:00:49 PM,1,1,1,0
,78,20/06/2026,5:00:55 PM,1,1,1,0
,59,20/06/2026,5:01:00 PM,1,1,1,0
,31,20/06/2026,5:01:12 PM,1,1,1,0
,81,20/06/2026,5:01:25 PM,1,1,1,0
,89,20/06/2026,5:01:31 PM,1,1,1,0
,34,20/06/2026,5:01:36 PM,1,1,1,0
,48,20/06/2026,5:01:42 PM,1,1,1,0
,36,20/06/2026,5:01:49 PM,1,1,1,0
,73,20/06/2026,5:01:55 PM,1,1,1,0
,70,20/06/2026,5:02:07 PM,1,1,1,0
,50,20/06/2026,5:02:13 PM,1,1,1,0
,50,20/06/2026,5:02:15 PM,1,1,1,0
,50,20/06/2026,5:02:18 PM,1,1,1,0
,27,20/06/2026,5:02:29 PM,1,1,1,0
,56,20/06/2026,5:03:17 PM,1,1,1,0
,68,20/06/2026,5:03:24 PM,1,1,1,0
,20,20/06/2026,5:03:50 PM,1,1,1,0
,69,20/06/2026,5:04:16 PM,1,1,1,0
,39,20/06/2026,5:04:33 PM,1,1,1,0
,83,20/06/2026,5:04:48 PM,1,1,1,0
,19,20/06/2026,5:06:09 PM,1,1,1,0
,38,20/06/2026,5:06:19 PM,1,1,1,0
,61,20/06/2026,5:06:37 PM,1,1,1,0
,76,20/06/2026,5:06:50 PM,1,1,1,0
,37,20/06/2026,5:08:21 PM,1,1,1,0
,46,20/06/2026,5:10:58 PM,1,1,1,0
,92,20/06/2026,5:12:05 PM,1,1,1,0
,30,20/06/2026,5:13:49 PM,1,1,1,0
,87,20/06/2026,5:16:30 PM,1,1,1,0
,8,20/06/2026,5:20:49 PM,1,1,1,0
,86,20/06/2026,5:48:56 PM,1,1,1,0
,47,20/06/2026,6:07:23 PM,1,1,1,0
,25,20/06/2026,6:07:58 PM,1,1,1,0
,81,22/06/2026,6:59:31 AM,1,0,1,0
,74,22/06/2026,7:13:42 AM,1,0,1,0
,30,22/06/2026,7:18:40 AM,1,0,1,0
,20,22/06/2026,7:25:44 AM,1,0,1,0
,49,22/06/2026,7:35:27 AM,1,0,1,0
,70,22/06/2026,7:35:34 AM,1,0,1,0
,48,22/06/2026,7:42:28 AM,1,0,1,0
,89,22/06/2026,7:44:54 AM,1,0,1,0
,78,22/06/2026,7:50:26 AM,1,0,1,0
,19,22/06/2026,7:51:41 AM,1,0,1,0
,76,22/06/2026,7:54:58 AM,1,0,1,0
,59,22/06/2026,7:58:46 AM,1,0,1,0
,79,22/06/2026,8:00:10 AM,1,0,1,0
,36,22/06/2026,8:03:41 AM,1,0,1,0
,61,22/06/2026,8:04:16 AM,1,0,1,0
,25,22/06/2026,8:05:44 AM,1,0,1,0
,31,22/06/2026,8:08:00 AM,1,0,1,0
,50,22/06/2026,8:08:29 AM,1,0,1,0
,50,22/06/2026,8:08:31 AM,1,0,1,0
,86,22/06/2026,8:09:15 AM,1,0,1,0
,39,22/06/2026,8:09:45 AM,1,0,1,0
,83,22/06/2026,8:09:52 AM,1,0,1,0
,34,22/06/2026,8:11:33 AM,1,0,1,0
,91,22/06/2026,8:12:49 AM,1,0,1,0
,71,22/06/2026,8:13:05 AM,1,0,1,0
,27,22/06/2026,8:15:54 AM,1,0,1,0
,87,22/06/2026,8:17:42 AM,1,0,1,0
,92,22/06/2026,8:26:19 AM,1,0,1,0
,8,22/06/2026,8:27:33 AM,1,0,1,0
,69,22/06/2026,8:28:00 AM,1,0,1,0
,46,22/06/2026,8:39:01 AM,1,0,1,0
,38,22/06/2026,8:40:14 AM,1,0,1,0
,37,22/06/2026,8:40:39 AM,1,0,1,0
,73,22/06/2026,8:42:49 AM,1,0,1,0
,82,22/06/2026,9:29:19 AM,1,0,1,0
,82,22/06/2026,9:29:21 AM,1,0,1,0
,47,22/06/2026,11:00:27 AM,1,0,1,0
,74,22/06/2026,4:04:10 PM,1,0,1,0
,71,22/06/2026,5:01:29 PM,1,1,1,0
,89,22/06/2026,5:02:10 PM,1,1,1,0
,91,22/06/2026,5:05:31 PM,1,1,1,0
,46,22/06/2026,5:05:39 PM,1,1,1,0
,83,22/06/2026,5:05:48 PM,1,1,1,0
,79,22/06/2026,5:05:55 PM,1,1,1,0
,76,22/06/2026,5:06:02 PM,1,1,1,0
,34,22/06/2026,5:06:16 PM,1,1,1,0
,39,22/06/2026,5:06:22 PM,1,1,1,0
,49,22/06/2026,5:06:29 PM,1,1,1,0
,78,22/06/2026,5:06:36 PM,1,1,1,0
,19,22/06/2026,5:06:42 PM,1,1,1,0
,36,22/06/2026,5:06:51 PM,1,1,1,0
,50,22/06/2026,5:06:55 PM,1,1,1,0
,50,22/06/2026,5:06:58 PM,1,4,1,0
,73,22/06/2026,5:07:05 PM,1,1,1,0
,70,22/06/2026,5:07:10 PM,1,1,1,0
,31,22/06/2026,5:07:17 PM,1,1,1,0
,20,22/06/2026,5:07:23 PM,1,1,1,0
,27,22/06/2026,5:07:33 PM,1,1,1,0
,81,22/06/2026,5:07:42 PM,1,1,1,0
,69,22/06/2026,5:08:17 PM,1,1,1,0
,87,22/06/2026,5:09:11 PM,1,1,1,0
,8,22/06/2026,5:09:48 PM,1,0,1,0
,61,22/06/2026,5:10:30 PM,1,1,1,0
,37,22/06/2026,5:13:32 PM,1,4,1,0
,37,22/06/2026,5:13:45 PM,1,4,1,0
,38,22/06/2026,5:14:10 PM,1,1,1,0
,38,22/06/2026,5:14:21 PM,1,4,1,0
,48,22/06/2026,5:14:28 PM,1,1,1,0
,48,22/06/2026,5:14:35 PM,1,4,1,0
,46,22/06/2026,5:33:22 PM,1,1,1,0
,59,22/06/2026,5:43:27 PM,1,1,1,0
,82,22/06/2026,6:21:51 PM,1,0,1,0
,82,22/06/2026,6:21:54 PM,1,0,1,0
,30,22/06/2026,6:28:09 PM,1,1,1,0
,47,22/06/2026,6:33:04 PM,1,1,1,0
,86,22/06/2026,6:45:56 PM,1,1,1,0
,25,22/06/2026,7:00:14 PM,1,5,1,0
,37,22/06/2026,10:00:28 PM,1,5,1,0
,48,22/06/2026,10:00:37 PM,1,5,1,0
,38,22/06/2026,10:00:49 PM,1,5,1,0
,50,22/06/2026,10:00:54 PM,1,5,1,0
,49,23/06/2026,7:10:13 AM,1,0,1,0
,20,23/06/2026,7:13:31 AM,1,0,1,0
,79,23/06/2026,7:29:27 AM,1,0,1,0
,78,23/06/2026,7:38:44 AM,1,0,1,0
,48,23/06/2026,7:42:57 AM,1,0,1,0
,89,23/06/2026,7:50:07 AM,1,0,1,0
,70,23/06/2026,7:51:12 AM,1,0,1,0
,61,23/06/2026,7:51:50 AM,1,0,1,0
,76,23/06/2026,7:55:08 AM,1,0,1,0
,30,23/06/2026,7:58:05 AM,1,0,1,0
,39,23/06/2026,8:02:48 AM,1,0,1,0
,83,23/06/2026,8:02:56 AM,1,0,1,0
,62,23/06/2026,8:03:47 AM,1,0,1,0
,36,23/06/2026,8:06:59 AM,1,0,1,0
,50,23/06/2026,8:07:18 AM,1,0,1,0
,50,23/06/2026,8:07:21 AM,1,0,1,0
,81,23/06/2026,8:08:27 AM,1,0,1,0
,27,23/06/2026,8:09:34 AM,1,0,1,0
,69,23/06/2026,8:11:34 AM,1,0,1,0
,34,23/06/2026,8:11:45 AM,1,0,1,0
,31,23/06/2026,8:12:03 AM,1,0,1,0
,25,23/06/2026,8:12:56 AM,1,0,1,0
,47,23/06/2026,8:13:37 AM,1,0,1,0
,19,23/06/2026,8:15:52 AM,1,0,1,0
,59,23/06/2026,8:15:56 AM,1,0,1,0
,71,23/06/2026,8:21:36 AM,1,0,1,0
,87,23/06/2026,8:22:03 AM,1,0,1,0
,8,23/06/2026,8:26:04 AM,1,0,1,0
,38,23/06/2026,8:33:21 AM,1,0,1,0
,37,23/06/2026,8:33:53 AM,1,0,1,0
,46,23/06/2026,8:34:02 AM,1,0,1,0
,73,23/06/2026,8:42:17 AM,1,0,1,0
,74,23/06/2026,9:21:39 AM,1,0,1,0
,82,23/06/2026,9:26:43 AM,1,0,1,0
,82,23/06/2026,9:26:45 AM,1,0,1,0
,91,23/06/2026,12:44:49 PM,1,0,1,0
,74,23/06/2026,1:30:04 PM,1,0,1,0
,62,23/06/2026,5:01:18 PM,1,1,1,0
,59,23/06/2026,5:02:04 PM,1,1,1,0
,79,23/06/2026,5:02:14 PM,1,1,1,0
,78,23/06/2026,5:02:30 PM,1,1,1,0
,48,23/06/2026,5:02:36 PM,1,1,1,0
,48,23/06/2026,5:02:43 PM,1,4,1,0
,89,23/06/2026,5:02:50 PM,1,1,1,0
,89,23/06/2026,5:02:57 PM,1,4,1,0
,73,23/06/2026,5:03:03 PM,1,4,1,0
,70,23/06/2026,5:03:07 PM,1,4,1,0
,70,23/06/2026,5:03:12 PM,1,1,1,0
,81,23/06/2026,5:03:35 PM,1,1,1,0
,69,23/06/2026,5:03:44 PM,1,1,1,0
,36,23/06/2026,5:04:07 PM,1,1,1,0
,36,23/06/2026,5:04:19 PM,1,4,1,0
,87,23/06/2026,5:04:26 PM,1,0,1,0
,87,23/06/2026,5:04:34 PM,1,1,1,0
,50,23/06/2026,5:04:44 PM,1,1,1,0
,50,23/06/2026,5:04:49 PM,1,4,1,0
,27,23/06/2026,5:05:00 PM,1,1,1,0
,27,23/06/2026,5:05:09 PM,1,1,1,0
,39,23/06/2026,5:05:26 PM,1,1,1,0
,34,23/06/2026,5:05:42 PM,1,1,1,0
,31,23/06/2026,5:06:04 PM,1,1,1,0
,31,23/06/2026,5:06:13 PM,1,0,1,0
,83,23/06/2026,5:06:20 PM,1,1,1,0
,61,23/06/2026,5:06:28 PM,1,1,1,0
,82,23/06/2026,5:06:33 PM,1,0,1,0
,82,23/06/2026,5:06:35 PM,1,0,1,0
,19,23/06/2026,5:06:42 PM,1,1,1,0
,76,23/06/2026,5:07:11 PM,1,1,1,0
,91,23/06/2026,5:07:22 PM,1,1,1,0
,71,23/06/2026,5:07:32 PM,1,4,1,0
,37,23/06/2026,5:08:03 PM,1,1,1,0
,37,23/06/2026,5:08:11 PM,1,4,1,0
,8,23/06/2026,5:08:17 PM,1,1,1,0
,49,23/06/2026,5:08:24 PM,1,1,1,0
,49,23/06/2026,5:08:32 PM,1,4,1,0
,38,23/06/2026,5:08:40 PM,1,1,1,0
,38,23/06/2026,5:09:02 PM,1,4,1,0
,20,23/06/2026,5:17:28 PM,1,1,1,0
,46,23/06/2026,5:25:57 PM,1,1,1,0
,25,23/06/2026,6:48:42 PM,1,1,1,0
,47,23/06/2026,6:48:49 PM,1,1,1,0
,30,23/06/2026,6:49:40 PM,1,1,1,0
,36,23/06/2026,8:01:51 PM,1,5,1,0
,48,23/06/2026,10:00:06 PM,1,5,1,0
,49,23/06/2026,10:00:15 PM,1,5,1,0
,89,23/06/2026,10:00:22 PM,1,5,1,0
,50,23/06/2026,10:00:27 PM,1,5,1,0
,50,23/06/2026,10:00:31 PM,1,5,1,0
,31,23/06/2026,10:00:42 PM,1,5,1,0
,71,23/06/2026,10:00:47 PM,1,5,1,0
,73,23/06/2026,10:01:00 PM,1,5,1,0
,37,23/06/2026,10:01:14 PM,1,5,1,0
,38,23/06/2026,10:01:41 PM,1,5,1,0
,74,24/06/2026,6:43:58 AM,1,0,1,0
,20,24/06/2026,7:23:25 AM,1,0,1,0
,89,24/06/2026,7:39:27 AM,1,0,1,0
,78,24/06/2026,7:42:15 AM,1,0,1,0
,49,24/06/2026,7:44:59 AM,1,0,1,0
,70,24/06/2026,7:45:21 AM,1,0,1,0
,19,24/06/2026,7:45:41 AM,1,0,1,0
,79,24/06/2026,7:48:37 AM,1,0,1,0
,48,24/06/2026,7:51:32 AM,1,0,1,0
,31,24/06/2026,7:55:38 AM,1,0,1,0
,68,24/06/2026,7:58:14 AM,1,0,1,0
,56,24/06/2026,7:58:21 AM,1,0,1,0
,50,24/06/2026,7:58:35 AM,1,0,1,0
,50,24/06/2026,7:58:40 AM,1,0,1,0
,62,24/06/2026,8:03:16 AM,1,0,1,0
,76,24/06/2026,8:04:26 AM,1,0,1,0
,59,24/06/2026,8:07:13 AM,1,0,1,0
,30,24/06/2026,8:07:32 AM,1,0,1,0
,27,24/06/2026,8:08:40 AM,1,0,1,0
,36,24/06/2026,8:08:47 AM,1,0,1,0
,61,24/06/2026,8:08:53 AM,1,0,1,0
,81,24/06/2026,8:08:59 AM,1,0,1,0
,34,24/06/2026,8:14:03 AM,1,0,1,0
,25,24/06/2026,8:14:39 AM,1,0,1,0
,47,24/06/2026,8:15:26 AM,1,0,1,0
,83,24/06/2026,8:15:45 AM,1,0,1,0
,91,24/06/2026,8:17:30 AM,1,0,1,0
,69,24/06/2026,8:22:57 AM,1,0,1,0
,87,24/06/2026,8:26:15 AM,1,0,1,0
,8,24/06/2026,8:30:50 AM,1,0,1,0
,71,24/06/2026,8:31:38 AM,1,0,1,0
,92,24/06/2026,8:39:09 AM,1,0,1,0
,46,24/06/2026,8:39:48 AM,1,0,1,0
,73,24/06/2026,8:49:26 AM,1,0,1,0
,39,24/06/2026,9:28:31 AM,1,0,1,0
,38,24/06/2026,9:28:37 AM,1,0,1,0
,37,24/06/2026,9:28:55 AM,1,0,1,0
,82,24/06/2026,9:29:12 AM,1,0,1,0
,82,24/06/2026,9:29:14 AM,1,0,1,0
,74,24/06/2026,4:04:42 PM,1,0,1,0
,20,24/06/2026,5:00:03 PM,1,1,1,0
,49,24/06/2026,5:00:10 PM,1,1,1,0
,62,24/06/2026,5:00:18 PM,1,1,1,0
,48,24/06/2026,5:00:24 PM,1,1,1,0
,79,24/06/2026,5:00:31 PM,1,1,1,0
,78,24/06/2026,5:00:37 PM,1,1,1,0
,61,24/06/2026,5:00:44 PM,1,1,1,0
,39,24/06/2026,5:00:49 PM,1,1,1,0
,83,24/06/2026,5:00:55 PM,1,1,1,0
,34,24/06/2026,5:01:02 PM,1,1,1,0
,31,24/06/2026,5:01:09 PM,1,1,1,0
,89,24/06/2026,5:01:16 PM,1,1,1,0
,36,24/06/2026,5:01:23 PM,1,1,1,0
,56,24/06/2026,5:01:29 PM,1,1,1,0
,27,24/06/2026,5:02:05 PM,1,1,1,0
,91,24/06/2026,5:02:09 PM,1,1,1,0
,68,24/06/2026,5:02:18 PM,1,1,1,0
,19,24/06/2026,5:02:25 PM,1,1,1,0
,73,24/06/2026,5:02:34 PM,1,1,1,0
,70,24/06/2026,5:02:39 PM,1,1,1,0
,76,24/06/2026,5:03:28 PM,1,1,1,0
,69,24/06/2026,5:03:57 PM,1,1,1,0
,81,24/06/2026,5:04:08 PM,1,1,1,0
,46,24/06/2026,5:05:58 PM,1,1,1,0
,50,24/06/2026,5:07:51 PM,1,1,1,0
,50,24/06/2026,5:07:56 PM,1,1,1,0
,37,24/06/2026,5:08:12 PM,1,1,1,0
,38,24/06/2026,5:11:25 PM,1,1,1,0
,59,24/06/2026,5:11:32 PM,1,1,1,0
,71,24/06/2026,5:15:33 PM,1,1,1,0
,8,24/06/2026,5:26:53 PM,1,1,1,0
,87,24/06/2026,5:27:12 PM,1,1,1,0
,82,24/06/2026,5:36:38 PM,1,1,1,0
,82,24/06/2026,5:36:40 PM,1,1,1,0
,25,24/06/2026,5:48:34 PM,1,1,1,0
,47,24/06/2026,5:48:42 PM,1,1,1,0
,30,24/06/2026,5:49:38 PM,1,1,1,0
,74,25/06/2026,6:54:56 AM,1,0,1,0
,79,25/06/2026,7:32:34 AM,1,0,1,0
,83,25/06/2026,7:36:07 AM,1,0,1,0
,39,25/06/2026,7:36:14 AM,1,0,1,0
,70,25/06/2026,7:36:19 AM,1,0,1,0
,49,25/06/2026,7:36:33 AM,1,0,1,0
,19,25/06/2026,7:40:34 AM,1,0,1,0
,89,25/06/2026,7:42:54 AM,1,0,1,0
,48,25/06/2026,7:50:40 AM,1,0,1,0
,31,25/06/2026,7:53:03 AM,1,1,1,0
,31,25/06/2026,7:53:06 AM,1,0,1,0
,76,25/06/2026,7:56:57 AM,1,0,1,0
,68,25/06/2026,7:57:15 AM,1,0,1,0
,56,25/06/2026,7:57:22 AM,1,0,1,0
,27,25/06/2026,7:59:59 AM,1,0,1,0
,69,25/06/2026,8:00:06 AM,1,0,1,0
,50,25/06/2026,8:05:58 AM,1,0,1,0
,50,25/06/2026,8:06:00 AM,1,0,1,0
,36,25/06/2026,8:11:40 AM,1,0,1,0
,34,25/06/2026,8:12:07 AM,1,0,1,0
,91,25/06/2026,8:12:11 AM,1,0,1,0
,25,25/06/2026,8:12:44 AM,1,0,1,0
,61,25/06/2026,8:13:04 AM,1,0,1,0
,47,25/06/2026,8:13:29 AM,1,0,1,0
,92,25/06/2026,8:15:49 AM,1,0,1,0
,38,25/06/2026,8:16:14 AM,1,0,1,0
,37,25/06/2026,8:16:21 AM,1,0,1,0
,71,25/06/2026,8:20:10 AM,1,0,1,0
,87,25/06/2026,8:20:35 AM,1,0,1,0
,78,25/06/2026,8:23:28 AM,1,0,1,0
,8,25/06/2026,8:23:52 AM,1,0,1,0
,46,25/06/2026,8:39:02 AM,1,0,1,0
,81,25/06/2026,9:40:06 AM,1,0,1,0
,82,25/06/2026,9:51:41 AM,1,0,1,0
,82,25/06/2026,9:51:43 AM,1,0,1,0
,74,25/06/2026,4:06:20 PM,1,1,1,0
,89,25/06/2026,5:00:34 PM,1,1,1,0
,49,25/06/2026,5:00:42 PM,1,1,1,0
,78,25/06/2026,5:00:49 PM,1,1,1,0
,36,25/06/2026,5:00:54 PM,1,1,1,0
,31,25/06/2026,5:00:59 PM,1,1,1,0
,92,25/06/2026,5:01:05 PM,1,1,1,0
,70,25/06/2026,5:01:10 PM,1,1,1,0
,50,25/06/2026,5:01:17 PM,1,1,1,0
,50,25/06/2026,5:01:19 PM,1,1,1,0
,50,25/06/2026,5:01:21 PM,1,1,1,0
,34,25/06/2026,5:01:29 PM,1,1,1,0
,71,25/06/2026,5:02:05 PM,1,1,1,0
,19,25/06/2026,5:02:10 PM,1,1,1,0
,91,25/06/2026,5:02:17 PM,1,1,1,0
,76,25/06/2026,5:02:24 PM,1,1,1,0
,48,25/06/2026,5:02:32 PM,1,1,1,0
,83,25/06/2026,5:02:38 PM,1,1,1,0
,79,25/06/2026,5:02:46 PM,1,1,1,0
,81,25/06/2026,5:02:58 PM,1,1,1,0
,39,25/06/2026,5:03:05 PM,1,1,1,0
,39,25/06/2026,5:03:11 PM,1,1,1,0
,61,25/06/2026,5:03:18 PM,1,1,1,0
,69,25/06/2026,5:03:38 PM,1,1,1,0
,68,25/06/2026,5:03:48 PM,1,1,1,0
,56,25/06/2026,5:03:55 PM,1,1,1,0
,27,25/06/2026,5:04:03 PM,1,1,1,0
,87,25/06/2026,5:07:16 PM,1,1,1,0
,37,25/06/2026,5:11:57 PM,1,1,1,0
,38,25/06/2026,5:12:27 PM,1,0,1,0
,38,25/06/2026,5:12:36 PM,1,1,1,0
,8,25/06/2026,5:20:10 PM,1,1,1,0
,46,25/06/2026,5:31:18 PM,1,1,1,0
,47,25/06/2026,5:40:14 PM,1,1,1,0
,25,25/06/2026,5:46:12 PM,1,1,1,0
,82,25/06/2026,6:38:50 PM,1,1,1,0
,82,25/06/2026,6:38:53 PM,1,1,1,0
,30,25/06/2026,6:40:41 PM,1,1,1,0
,74,26/06/2026,6:51:15 AM,1,0,1,0
,19,26/06/2026,7:32:43 AM,1,0,1,0
,49,26/06/2026,7:34:14 AM,1,0,1,0
,39,26/06/2026,7:40:23 AM,1,0,1,0
,89,26/06/2026,7:44:30 AM,1,0,1,0
,48,26/06/2026,7:48:45 AM,1,0,1,0
,79,26/06/2026,7:53:11 AM,1,0,1,0
,70,26/06/2026,7:53:52 AM,1,0,1,0
,68,26/06/2026,7:54:15 AM,1,0,1,0
,56,26/06/2026,7:54:21 AM,1,0,1,0
,78,26/06/2026,8:01:01 AM,1,0,1,0
,61,26/06/2026,8:01:14 AM,1,0,1,0
,76,26/06/2026,8:01:44 AM,1,0,1,0
,31,26/06/2026,8:02:26 AM,1,0,1,0
,30,26/06/2026,8:02:51 AM,1,0,1,0
,50,26/06/2026,8:04:02 AM,1,0,1,0
,50,26/06/2026,8:04:04 AM,1,0,1,0
,81,26/06/2026,8:06:07 AM,1,0,1,0
,62,26/06/2026,8:06:39 AM,1,0,1,0
,34,26/06/2026,8:07:34 AM,1,0,1,0
,91,26/06/2026,8:08:53 AM,1,0,1,0
,71,26/06/2026,8:09:48 AM,1,0,1,0
,36,26/06/2026,8:11:12 AM,1,0,1,0
,25,26/06/2026,8:14:13 AM,1,0,1,0
,47,26/06/2026,8:15:01 AM,1,0,1,0
,69,26/06/2026,8:16:29 AM,1,0,1,0
,27,26/06/2026,8:16:37 AM,1,0,1,0
,87,26/06/2026,8:21:28 AM,1,0,1,0
,92,26/06/2026,8:26:20 AM,1,0,1,0
,73,26/06/2026,8:34:01 AM,1,0,1,0
,38,26/06/2026,8:38:06 AM,1,0,1,0
,37,26/06/2026,8:38:15 AM,1,0,1,0
,61,26/06/2026,9:14:27 AM,1,0,1,0
,82,26/06/2026,9:28:55 AM,1,0,1,0
,82,26/06/2026,9:28:57 AM,1,0,1,0
,82,26/06/2026,9:28:59 AM,1,0,1,0
,46,26/06/2026,10:13:11 AM,1,0,1,0
,86,26/06/2026,12:05:28 PM,1,1,1,0
,74,26/06/2026,4:04:16 PM,1,1,1,0
,79,26/06/2026,5:00:07 PM,1,1,1,0
,49,26/06/2026,5:00:14 PM,1,1,1,0
,48,26/06/2026,5:00:20 PM,1,1,1,0
,39,26/06/2026,5:00:26 PM,1,1,1,0
,62,26/06/2026,5:00:33 PM,1,1,1,0
,56,26/06/2026,5:00:45 PM,1,1,1,0
,71,26/06/2026,5:00:56 PM,1,1,1,0
,81,26/06/2026,5:01:50 PM,1,1,1,0
,61,26/06/2026,5:01:58 PM,1,1,1,0
,78,26/06/2026,5:02:09 PM,1,1,1,0
,31,26/06/2026,5:02:13 PM,1,1,1,0
,68,26/06/2026,5:02:20 PM,1,1,1,0
,89,26/06/2026,5:02:26 PM,1,1,1,0
,73,26/06/2026,5:02:33 PM,1,1,1,0
,36,26/06/2026,5:02:38 PM,1,1,1,0
,27,26/06/2026,5:02:46 PM,1,1,1,0
,50,26/06/2026,5:02:54 PM,1,1,1,0
,92,26/06/2026,5:03:04 PM,1,1,1,0
,70,26/06/2026,5:03:11 PM,1,1,1,0
,69,26/06/2026,5:03:39 PM,1,1,1,0
,87,26/06/2026,5:05:44 PM,1,1,1,0
,34,26/06/2026,5:07:11 PM,1,1,1,0
,37,26/06/2026,5:12:51 PM,1,1,1,0
,38,26/06/2026,5:14:36 PM,1,1,1,0
,46,26/06/2026,5:22:41 PM,1,1,1,0
,19,26/06/2026,5:24:12 PM,1,1,1,0
,19,26/06/2026,5:24:16 PM,1,1,1,0
,19,26/06/2026,5:24:19 PM,1,1,1,0
,19,26/06/2026,5:24:24 PM,1,1,1,0
,19,26/06/2026,5:24:28 PM,1,1,1,0
,76,26/06/2026,5:25:10 PM,1,1,1,0
,91,26/06/2026,5:25:14 PM,1,1,1,0
,82,26/06/2026,5:48:18 PM,1,1,1,0
,82,26/06/2026,5:48:20 PM,1,1,1,0
,86,26/06/2026,6:03:27 PM,1,1,1,0
,30,26/06/2026,6:15:34 PM,1,1,1,0
,47,26/06/2026,6:23:01 PM,1,1,1,0
,25,26/06/2026,6:23:13 PM,1,1,1,0
,74,27/06/2026,6:43:44 AM,1,0,1,0
,20,27/06/2026,7:11:10 AM,1,0,1,0
,78,27/06/2026,7:27:43 AM,1,0,1,0
,89,27/06/2026,7:38:35 AM,1,0,1,0
,48,27/06/2026,7:43:50 AM,1,0,1,0
,86,27/06/2026,7:46:55 AM,1,0,1,0
,81,27/06/2026,7:49:25 AM,1,0,1,0
,92,27/06/2026,7:51:31 AM,1,0,1,0
,50,27/06/2026,7:53:47 AM,1,0,1,0
,50,27/06/2026,7:53:49 AM,1,0,1,0
,79,27/06/2026,7:59:02 AM,1,0,1,0
,69,27/06/2026,8:01:17 AM,1,0,1,0
,61,27/06/2026,8:04:05 AM,1,0,1,0
,34,27/06/2026,8:05:20 AM,1,0,1,0
,27,27/06/2026,8:06:37 AM,1,0,1,0
,31,27/06/2026,8:07:57 AM,1,0,1,0
,62,27/06/2026,8:08:03 AM,1,0,1,0
,39,27/06/2026,8:08:09 AM,1,0,1,0
,83,27/06/2026,8:08:15 AM,1,0,1,0
,73,27/06/2026,8:09:13 AM,1,0,1,0
,36,27/06/2026,8:10:22 AM,1,0,1,0
,76,27/06/2026,8:13:38 AM,1,0,1,0
,68,27/06/2026,8:15:17 AM,1,0,1,0
,91,27/06/2026,8:15:24 AM,1,0,1,0
,56,27/06/2026,8:15:54 AM,1,0,1,0
,25,27/06/2026,8:18:07 AM,1,0,1,0
,30,27/06/2026,8:18:14 AM,1,0,1,0
,47,27/06/2026,8:18:43 AM,1,0,1,0
,87,27/06/2026,8:20:42 AM,1,0,1,0
,38,27/06/2026,8:22:03 AM,1,0,1,0
,37,27/06/2026,8:22:18 AM,1,0,1,0
,70,27/06/2026,8:29:47 AM,1,0,1,0
,59,27/06/2026,8:41:22 AM,1,0,1,0
,46,27/06/2026,9:28:55 AM,1,0,1,0
,82,27/06/2026,9:34:34 AM,1,0,1,0
,82,27/06/2026,9:34:36 AM,1,0,1,0
,39,27/06/2026,12:42:33 PM,1,1,1,0
,74,27/06/2026,4:07:04 PM,1,1,1,0
,31,27/06/2026,5:00:10 PM,1,1,1,0
,70,27/06/2026,5:00:17 PM,1,1,1,0
,36,27/06/2026,5:00:38 PM,1,1,1,0
,79,27/06/2026,5:00:45 PM,1,1,1,0
,89,27/06/2026,5:00:52 PM,1,1,1,0
,79,27/06/2026,5:01:01 PM,1,1,1,0
,78,27/06/2026,5:01:07 PM,1,1,1,0
,62,27/06/2026,5:01:12 PM,1,1,1,0
,59,27/06/2026,5:01:18 PM,1,1,1,0
,56,27/06/2026,5:01:28 PM,1,1,1,0
,73,27/06/2026,5:01:46 PM,1,1,1,0
,50,27/06/2026,5:01:51 PM,1,1,1,0
,68,27/06/2026,5:01:59 PM,1,1,1,0
,48,27/06/2026,5:02:04 PM,1,1,1,0
,20,27/06/2026,5:02:23 PM,1,1,1,0
,30,27/06/2026,5:03:13 PM,1,1,1,0
,27,27/06/2026,5:03:38 PM,1,1,1,0
,83,27/06/2026,5:05:43 PM,1,1,1,0
,92,27/06/2026,5:05:49 PM,1,1,1,0
,91,27/06/2026,5:05:55 PM,1,1,1,0
,46,27/06/2026,5:06:01 PM,1,1,1,0
,76,27/06/2026,5:06:10 PM,1,1,1,0
,61,27/06/2026,5:06:18 PM,1,1,1,0
,81,27/06/2026,5:06:34 PM,1,1,1,0
,34,27/06/2026,5:06:41 PM,1,1,1,0
,37,27/06/2026,5:06:57 PM,1,1,1,0
,69,27/06/2026,5:07:31 PM,1,1,1,0
,38,27/06/2026,5:09:56 PM,1,1,1,0
,87,27/06/2026,5:12:34 PM,1,1,1,0
,82,27/06/2026,5:14:14 PM,1,1,1,0
,82,27/06/2026,5:14:17 PM,1,1,1,0
,86,27/06/2026,5:17:08 PM,1,1,1,0
,25,27/06/2026,5:18:01 PM,1,1,1,0
,47,27/06/2026,5:19:10 PM,1,1,1,0
,47,27/06/2026,5:22:19 PM,1,1,1,0
